[
  {
    "title": "HTML",
    "imageSrc": "skills/html.png"
  },
  {
    "title": "CSS",
    "imageSrc": "skills/css.png"
  },
  {
    "title": "JavaScript",
    "imageSrc": "skills/js.png"
  },
  {
    "title": "React",
    "imageSrc": "skills/react.png"
  },
  {
    "title": "Python",
    "imageSrc": "skills/python.png"
  },
  {
    "title": "Java",
    "imageSrc": "skills/Java.png"
  },
  {
    "title": "C",
    "imageSrc": "skills/C.png"
  },
  {
    "title": "PowerBi",
    "imageSrc": "skills/PowerBi.png"
  },
  {
    "title": "SQL",
    "imageSrc": "skills/sql.png"
  },
  {
    "title": "Machine Learning",
    "imageSrc": "skills/ml.png"
  }

]